id,name,description,difficulty,estimated_time,chapter_id,sort_order
kp_001,方程与等式的概念,理解方程的定义、等式的基本性质（等式两边同时加减乘除同一个数等式仍成立）,0.15,15,ch_01,1
kp_002,一元一次方程的定义,理解一元一次方程的标准形式 ax+b=0（a≠0）并能从文字描述中列出方程,0.20,20,ch_01,2
kp_003,移项与合并同类项,掌握移项法则（移项要变号）和合并同类项的方法,0.25,25,ch_01,3
kp_004,解一元一次方程,能完整求解含括号、含分母的一元一次方程并验根,0.35,30,ch_01,4
kp_005,列一元一次方程解应用题,能从行程、工程、利润等实际问题中抽象出方程模型并求解,0.45,35,ch_01,5
kp_006,二元一次方程的概念,理解二元一次方程的定义及解的不唯一性,0.20,20,ch_02,1
kp_007,二元一次方程组与消元思想,理解方程组解的含义，掌握代入消元法和加减消元法的基本思路,0.30,30,ch_02,2
kp_008,解二元一次方程组,能熟练选用代入法或加减法求解二元一次方程组,0.35,30,ch_02,3
kp_009,三元一次方程组,能将三元一次方程组通过消元转化为二元一次方程组求解,0.45,35,ch_02,4
kp_010,列方程组解应用题,能从含有两个未知量的实际问题中建立方程组并求解,0.50,35,ch_02,5
kp_011,一元二次方程的定义,理解一元二次方程的标准形式 ax²+bx+c=0（a≠0）并能识别各项系数,0.25,20,ch_03,1
kp_012,直接开平方法,掌握形如 (x+m)²=n（n≥0）的方程的解法,0.30,20,ch_03,2
kp_013,配方法解一元二次方程,掌握配方法的一般步骤：移项→化1→配方→开方→求解,0.45,35,ch_03,3
kp_014,公式法解一元二次方程,能熟练运用求根公式 x=(-b±√(b²-4ac))/2a 求解,0.50,30,ch_03,4
kp_015,根的判别式,理解 Δ=b²-4ac 的意义，能根据 Δ 的正负判断根的情况,0.40,25,ch_03,5
kp_016,因式分解法解一元二次方程,能利用提公因式、平方差公式、十字相乘法将方程化为 (ax+b)(cx+d)=0 求解,0.55,35,ch_03,6
kp_017,列一元二次方程解应用题,能从面积、增长率等实际问题中建立一元二次方程并求解,0.60,40,ch_03,7
kp_018,不等式的概念与性质,理解不等式的定义及基本性质（乘除负数要变号）,0.20,20,ch_04,1
kp_019,解一元一次不等式,能熟练求解一元一次不等式并在数轴上表示解集,0.30,25,ch_04,2
kp_020,解一元一次不等式组,能求出一元一次不等式组的解集（利用数轴确定公共部分）,0.40,30,ch_04,3
kp_021,有序数对与坐标,理解有序数对的含义，掌握坐标系中点的坐标读写,0.15,15,ch_05,1
kp_022,坐标与图形变换,掌握平移、对称变换下点的坐标变化规律,0.35,30,ch_05,2
